ApplicantIncome,CoapplicantIncome,LoanAmount,Loan_Amount_Term,Credit_History,CIBIL_Score,Age,Debt_to_Income,Gender_Male,Married_Yes,Dependents_1,Dependents_2,Dependents_3+,Education_Not Graduate,Self_Employed_Yes,Property_Area_Semiurban,Property_Area_Urban,Loan_Status_Y
5849,0.0,146.41216216216216,360.0,1.0,851,39,0.0250319990019083,True,False,False,False,False,False,False,False,True,True
4583,1508.0,128.0,360.0,1.0,492,27,0.0279293039493781,True,True,True,False,False,False,False,False,False,False
3000,0.0,66.0,360.0,1.0,330,49,0.022,True,True,False,False,False,False,True,False,True,True
2583,2358.0,120.0,360.0,1.0,425,34,0.0464576074332171,True,True,False,False,False,True,False,False,True,True
6000,0.0,141.0,360.0,1.0,555,29,0.0235,True,False,False,False,False,False,False,False,True,True
5417,4196.0,267.0,360.0,1.0,814,27,0.0492892745061842,True,True,False,True,False,False,True,False,True,True
2333,1516.0,95.0,360.0,1.0,367,49,0.0407201028718388,True,True,False,False,False,True,False,False,True,True
3036,2504.0,158.0,360.0,0.0,849,25,0.0520421607378129,True,True,False,False,True,False,False,True,False,False
4006,1526.0,168.0,360.0,1.0,378,28,0.0419370943584623,True,True,False,True,False,False,False,False,True,True
12841,10968.0,349.0,360.0,1.0,889,53,0.0271785686473016,True,True,True,False,False,False,False,True,False,False
3200,700.0,70.0,360.0,1.0,434,27,0.021875,True,True,False,True,False,False,False,False,True,True
2500,1840.0,109.0,360.0,1.0,393,53,0.0436,True,True,False,True,False,False,False,False,True,True
3073,8106.0,200.0,360.0,1.0,591,56,0.0650829808005206,True,True,False,True,False,False,False,False,True,True
1853,2840.0,114.0,360.0,1.0,898,37,0.0615218564490016,True,False,False,False,False,False,False,False,False,False
1299,1086.0,17.0,120.0,1.0,333,56,0.0130869899923017,True,True,False,True,False,False,False,False,True,True
4950,0.0,125.0,360.0,1.0,373,45,0.0252525252525252,True,False,False,False,False,False,False,False,True,True
3596,0.0,100.0,240.0,1.0,558,52,0.0278086763070077,True,False,True,False,False,True,False,False,True,True
3510,0.0,76.0,360.0,0.0,835,40,0.0216524216524216,False,False,False,False,False,False,False,False,True,False
4887,0.0,133.0,360.0,1.0,767,57,0.0272150603642316,True,True,False,False,False,True,False,False,False,False
2600,3500.0,115.0,360.0,1.0,489,52,0.0442307692307692,True,True,False,False,False,False,False,False,True,True
7660,0.0,104.0,360.0,0.0,859,42,0.0135770234986945,True,True,False,False,False,True,False,False,True,False
5955,5625.0,315.0,360.0,1.0,645,23,0.052896725440806,True,True,True,False,False,False,False,False,True,True
2600,1911.0,116.0,360.0,0.0,843,58,0.0446153846153846,True,True,False,False,False,True,False,True,False,False
3365,1917.0,112.0,360.0,0.0,397,33,0.0332838038632986,True,True,False,True,False,True,False,False,False,False
3717,2925.0,151.0,360.0,1.0,529,23,0.040624159268227,True,True,True,False,False,False,False,True,False,False
9560,0.0,191.0,360.0,1.0,830,27,0.0199790794979079,True,True,False,False,False,False,True,True,False,True
2799,2253.0,122.0,360.0,1.0,567,45,0.0435869953554841,True,True,False,False,False,False,False,True,False,True
4226,1040.0,110.0,360.0,1.0,890,27,0.0260293421675343,True,True,False,True,False,True,False,False,True,True
1442,0.0,35.0,360.0,1.0,630,33,0.0242718446601941,True,False,False,False,False,True,False,False,True,False
3750,2083.0,120.0,360.0,1.0,321,57,0.032,False,False,False,True,False,False,False,True,False,True
4166,3369.0,201.0,360.0,1.0,601,26,0.0482477196351416,True,True,True,False,False,False,False,False,True,False
3167,0.0,74.0,360.0,1.0,877,56,0.0233659614777391,True,False,False,False,False,False,False,False,True,False
4692,0.0,106.0,360.0,1.0,414,22,0.0225916453537936,True,False,True,False,False,False,True,False,False,False
3500,1667.0,114.0,360.0,1.0,540,24,0.0325714285714285,True,True,False,False,False,False,False,True,False,True
12500,3000.0,320.0,360.0,1.0,796,26,0.0256,True,False,False,False,True,False,False,False,False,False
2275,2067.0,146.41216216216216,360.0,1.0,816,41,0.0643569943569943,True,True,False,False,False,False,False,False,True,True
1828,1330.0,100.0,360.0,0.0,817,21,0.0547045951859956,True,True,False,False,False,False,False,False,True,False
3667,1459.0,144.0,360.0,1.0,715,59,0.0392691573493318,False,True,False,False,False,False,False,True,False,True
4166,7210.0,184.0,360.0,1.0,670,22,0.0441670667306769,True,False,False,False,False,False,False,False,True,True
3748,1668.0,110.0,360.0,1.0,891,34,0.0293489861259338,True,False,False,False,False,True,False,True,False,True
3600,0.0,80.0,360.0,1.0,807,30,0.0222222222222222,True,False,False,False,False,False,False,False,True,False
1800,1213.0,47.0,360.0,1.0,851,40,0.0261111111111111,True,False,False,False,False,False,False,False,True,True
2400,0.0,75.0,360.0,1.0,725,56,0.03125,True,True,False,False,False,False,False,False,True,True
3941,2336.0,134.0,360.0,1.0,899,59,0.0340015224562293,True,True,False,False,False,False,False,True,False,True
4695,0.0,96.0,360.0,1.0,796,48,0.0204472843450479,True,True,False,False,False,True,True,False,True,True
3410,0.0,88.0,360.0,1.0,471,43,0.0258064516129032,False,False,False,False,False,False,False,False,True,True
5649,0.0,44.0,360.0,1.0,829,24,0.0077889892016286,True,True,True,False,False,False,False,False,True,True
5821,0.0,144.0,360.0,1.0,373,27,0.0247380175227624,True,True,False,False,False,False,False,False,True,True
2645,3440.0,120.0,360.0,0.0,895,56,0.0453686200378071,False,True,False,False,False,False,False,False,True,False
4000,2275.0,144.0,360.0,1.0,339,48,0.036,False,False,False,False,False,False,False,True,False,True
1928,1644.0,100.0,360.0,1.0,785,40,0.0518672199170124,False,True,False,False,False,True,False,True,False,True
3086,0.0,120.0,360.0,1.0,315,53,0.0388852883992222,False,False,False,False,False,False,False,True,False,True
4230,0.0,112.0,360.0,1.0,373,53,0.0264775413711583,False,False,False,False,False,False,False,True,False,False
4616,0.0,134.0,360.0,1.0,790,49,0.0290294627383015,True,True,False,True,False,False,False,False,True,False
11500,0.0,286.0,360.0,0.0,555,36,0.0248695652173913,False,True,True,False,False,False,True,False,True,False
2708,1167.0,97.0,360.0,1.0,406,51,0.0358197932053175,True,True,False,True,False,False,False,True,False,True
2132,1591.0,96.0,360.0,1.0,603,41,0.0450281425891182,True,True,False,False,False,False,False,True,False,True
3366,2200.0,135.0,360.0,1.0,807,58,0.0401069518716577,True,True,False,False,False,False,False,False,False,False
8080,2250.0,180.0,360.0,1.0,478,29,0.0222772277227722,True,True,True,False,False,False,False,False,True,True
3357,2859.0,144.0,360.0,1.0,435,26,0.0428954423592493,True,True,False,True,False,True,False,False,True,True
2500,3796.0,120.0,360.0,1.0,687,30,0.048,True,True,False,False,False,False,False,False,True,True
3029,0.0,99.0,360.0,1.0,306,57,0.0326840541432816,True,True,False,False,True,False,False,False,True,True
2609,3449.0,165.0,180.0,0.0,602,28,0.0632426216941356,True,True,False,False,False,True,True,False,False,False
4945,0.0,146.41216216216216,360.0,0.0,462,48,0.0296081217719235,True,True,True,False,False,False,False,False,False,False
4166,0.0,116.0,360.0,0.0,750,36,0.027844455112818,False,False,False,False,False,False,False,True,False,False
5726,4595.0,258.0,360.0,1.0,863,35,0.0450576318546978,True,True,False,False,False,False,False,True,False,False
3200,2254.0,126.0,180.0,0.0,854,34,0.039375,True,False,False,False,False,True,False,False,True,False
10750,0.0,312.0,360.0,1.0,468,34,0.0290232558139534,True,True,True,False,False,False,False,False,True,True
7100,0.0,125.0,60.0,1.0,822,44,0.0176056338028169,True,True,False,False,True,True,True,False,True,True
4300,0.0,136.0,360.0,0.0,494,43,0.0316279069767441,False,False,False,False,False,False,False,True,False,False
3208,3066.0,172.0,360.0,1.0,782,57,0.0536159600997506,True,True,False,False,False,False,False,False,True,True
1875,1875.0,97.0,360.0,1.0,665,51,0.0517333333333333,True,True,False,True,False,True,True,True,False,True
3500,0.0,81.0,300.0,1.0,356,30,0.0231428571428571,True,False,False,False,False,False,False,True,False,True
4755,0.0,95.0,360.0,0.0,443,24,0.0199789695057833,True,True,False,False,True,True,False,True,False,False
5266,1774.0,187.0,360.0,1.0,820,39,0.0355108241549563,True,True,False,False,True,False,True,True,False,True
3750,0.0,113.0,480.0,1.0,623,47,0.0301333333333333,True,False,False,False,False,False,False,False,True,False
3750,4750.0,176.0,360.0,1.0,809,52,0.0469333333333333,True,False,False,False,False,False,False,False,True,False
1000,3022.0,110.0,360.0,1.0,362,56,0.11,True,True,True,False,False,False,True,False,True,False
3167,4000.0,180.0,300.0,0.0,368,21,0.0568361225134196,True,True,False,False,True,False,False,True,False,False
3333,2166.0,130.0,360.0,1.0,748,39,0.039003900390039,True,True,False,False,True,True,True,True,False,True
3846,0.0,111.0,360.0,1.0,755,27,0.0288611544461778,False,False,False,False,False,False,False,True,False,True
2395,0.0,146.41216216216216,360.0,1.0,599,44,0.0611324267900468,True,True,True,False,False,False,True,True,False,True
1378,1881.0,167.0,360.0,1.0,469,49,0.1211901306240928,False,True,False,True,False,False,False,False,True,False
6000,2250.0,265.0,360.0,1.0,851,57,0.0441666666666666,True,True,False,False,False,False,False,True,False,False
3988,0.0,50.0,240.0,1.0,734,21,0.0125376128385155,True,True,True,False,False,False,False,False,True,True
2366,2531.0,136.0,360.0,1.0,755,41,0.0574809805579036,True,False,False,False,False,False,False,True,False,True
3333,2000.0,99.0,360.0,1.0,617,51,0.0297029702970297,True,True,False,True,False,True,False,True,False,True
2500,2118.0,104.0,360.0,1.0,472,33,0.0416,True,True,False,False,False,False,False,True,False,True
8566,0.0,210.0,360.0,1.0,426,34,0.0245155265001167,True,False,False,False,False,False,False,False,True,True
5695,4167.0,175.0,360.0,1.0,641,54,0.0307287093942054,True,True,False,False,False,False,False,True,False,True
2958,2900.0,131.0,360.0,1.0,497,46,0.0442866801893171,True,True,False,False,False,False,False,True,False,True
6250,5654.0,188.0,180.0,1.0,661,34,0.03008,True,True,False,True,False,False,False,True,False,True
3273,1820.0,81.0,360.0,1.0,553,47,0.0247479376718606,True,True,False,True,False,True,False,False,True,True
4133,0.0,122.0,360.0,1.0,832,44,0.0295185095572223,True,False,False,False,False,False,False,True,False,True
3620,0.0,25.0,120.0,1.0,463,21,0.0069060773480662,True,False,False,False,False,True,False,True,False,True
6782,0.0,146.41216216216216,360.0,1.0,673,39,0.0215883459395697,True,False,False,False,False,False,False,False,True,False
2484,2302.0,137.0,360.0,1.0,676,29,0.0551529790660225,False,True,False,False,False,False,False,True,False,True
1977,997.0,50.0,360.0,1.0,794,49,0.0252908447142134,True,True,False,False,False,False,False,True,False,True
4188,0.0,115.0,180.0,1.0,415,27,0.0274594078319006,True,True,False,False,False,True,False,True,False,True
1759,3541.0,131.0,360.0,1.0,645,36,0.0744741330301307,True,True,False,False,False,False,False,True,False,True
4288,3263.0,133.0,180.0,1.0,634,41,0.0310167910447761,True,True,False,True,False,True,False,False,True,True
4843,3806.0,151.0,360.0,1.0,358,54,0.0311790212678092,True,False,False,False,False,False,False,True,False,True
13650,0.0,146.41216216216216,360.0,1.0,814,55,0.0107261657261657,True,True,False,False,False,False,False,False,True,True
4652,3583.0,146.41216216216216,360.0,1.0,507,55,0.0314729497339127,True,True,False,False,False,False,False,True,False,True
3816,754.0,160.0,360.0,1.0,426,33,0.0419287211740041,True,True,False,False,False,False,False,False,True,True
3052,1030.0,100.0,360.0,1.0,574,52,0.0327653997378768,True,True,True,False,False,False,False,False,True,True
11417,1126.0,225.0,360.0,1.0,886,32,0.0197074537969694,True,True,False,True,False,False,False,False,True,True
7333,0.0,120.0,360.0,1.0,705,55,0.0163643801990999,True,False,False,False,False,True,False,False,False,False
3800,3600.0,216.0,360.0,0.0,481,50,0.0568421052631578,True,True,False,True,False,False,False,False,True,False
2071,754.0,94.0,480.0,1.0,847,57,0.0453887011105746,True,True,False,False,True,True,False,True,False,True
5316,0.0,136.0,360.0,1.0,518,33,0.0255831452219714,True,False,False,False,False,False,False,False,True,True
2929,2333.0,139.0,360.0,1.0,706,53,0.0474564697849095,False,True,False,False,False,False,False,True,False,True
3572,4114.0,152.0,360.0,0.0,473,23,0.0425531914893617,True,True,False,False,False,True,False,False,False,False
7451,0.0,146.41216216216216,360.0,1.0,535,48,0.0196500016322858,False,False,True,False,False,False,True,True,False,True
5050,0.0,118.0,360.0,1.0,339,44,0.0233663366336633,True,False,False,False,False,False,False,True,False,True
14583,0.0,185.0,180.0,1.0,458,35,0.0126860042515257,True,True,True,False,False,False,False,False,False,True
3167,2283.0,154.0,360.0,1.0,750,29,0.0486264603725923,False,True,False,False,False,False,False,True,False,True
2214,1398.0,85.0,360.0,1.0,433,32,0.0383920505871725,True,True,True,False,False,False,False,False,True,True
5568,2142.0,175.0,360.0,1.0,423,34,0.0314295977011494,True,True,False,False,False,False,False,False,False,False
10408,0.0,259.0,360.0,1.0,828,55,0.0248847040737893,False,False,False,False,False,False,False,False,True,True
5667,2667.0,180.0,360.0,1.0,613,48,0.0317628374801482,True,True,False,False,False,False,False,False,False,True
4166,0.0,44.0,360.0,1.0,738,51,0.0105616898703792,False,False,False,False,False,False,False,True,False,True
2137,8980.0,137.0,360.0,0.0,390,51,0.0641085634066448,False,False,False,False,False,False,False,True,False,True
2957,0.0,81.0,360.0,1.0,653,28,0.0273926276631721,True,True,False,True,False,False,False,True,False,True
4300,2014.0,194.0,360.0,1.0,680,42,0.0451162790697674,True,True,False,False,False,True,False,False,False,True
3692,0.0,93.0,360.0,1.0,622,46,0.0251895991332611,False,False,False,False,False,False,False,False,False,True
23803,0.0,370.0,360.0,1.0,596,49,0.0155442591270007,True,True,False,False,True,False,False,False,False,True
3865,1640.0,146.41216216216216,360.0,1.0,629,42,0.0378815426034054,True,False,False,False,False,False,False,False,False,True
10513,3850.0,160.0,180.0,0.0,542,26,0.015219252354228,True,True,True,False,False,False,True,False,True,False
6080,2569.0,182.0,360.0,1.0,656,56,0.0299342105263157,True,True,False,False,False,False,False,False,False,False
20166,0.0,650.0,480.0,1.0,633,30,0.0322324704948923,True,False,False,False,False,False,True,False,True,True
2014,1929.0,74.0,360.0,1.0,654,25,0.0367428003972194,True,False,False,False,False,False,False,False,True,True
2718,0.0,70.0,360.0,1.0,729,34,0.0257542310522442,True,False,False,False,False,False,False,True,False,True
3459,0.0,25.0,120.0,1.0,409,39,0.0072275224053194,True,True,False,False,False,False,True,True,False,True
4895,0.0,102.0,360.0,1.0,841,29,0.0208375893769152,True,False,False,False,False,False,False,True,False,True
4000,7750.0,290.0,360.0,1.0,420,34,0.0725,True,True,False,False,True,False,False,True,False,False
4583,0.0,84.0,360.0,1.0,385,33,0.0183286057167794,False,True,False,False,False,False,False,False,False,False
3316,3500.0,88.0,360.0,1.0,408,34,0.0265379975874547,True,True,False,True,False,False,True,False,True,True
14999,0.0,242.0,360.0,0.0,754,51,0.0161344089605973,True,False,False,False,False,False,False,True,False,False
4200,1430.0,129.0,360.0,1.0,531,21,0.0307142857142857,True,True,False,True,False,True,False,False,False,False
5042,2083.0,185.0,360.0,1.0,344,38,0.0366917889726299,True,True,False,True,False,False,False,False,False,False
5417,0.0,168.0,360.0,1.0,529,52,0.0310134760937788,True,False,False,False,False,False,False,False,True,True
6950,0.0,175.0,180.0,1.0,332,55,0.0251798561151079,True,False,False,False,False,False,True,True,False,True
2698,2034.0,122.0,360.0,1.0,772,57,0.0452186805040771,True,True,False,False,False,False,False,True,False,True
11757,0.0,187.0,180.0,1.0,339,53,0.0159054180488219,True,True,False,True,False,False,False,False,True,True
2330,4486.0,100.0,360.0,1.0,503,29,0.0429184549356223,False,True,False,False,False,False,False,True,False,True
14866,0.0,70.0,360.0,1.0,759,33,0.0047087313332436,False,True,False,True,False,False,False,False,True,True
1538,1425.0,30.0,360.0,1.0,798,22,0.0195058517555266,True,True,True,False,False,False,False,False,True,True
10000,1666.0,225.0,360.0,1.0,366,27,0.0225,False,False,False,False,False,False,False,False,False,False
4860,830.0,125.0,360.0,1.0,768,52,0.0257201646090535,True,True,False,False,False,False,False,True,False,True
6277,0.0,118.0,360.0,0.0,412,42,0.0187987892305241,True,False,False,False,False,False,False,False,False,False
2577,3750.0,152.0,360.0,1.0,438,48,0.0589833139309274,True,True,False,False,False,False,True,False,False,True
9166,0.0,244.0,360.0,1.0,747,59,0.026620117826751,True,False,False,False,False,False,False,False,True,False
2281,0.0,113.0,360.0,1.0,572,33,0.0495396755808855,True,True,False,True,False,True,False,False,False,False
3254,0.0,50.0,360.0,1.0,504,56,0.0153657037492317,True,False,False,False,False,False,False,False,True,True
39999,0.0,600.0,180.0,0.0,751,57,0.0150003750093752,True,True,False,False,True,False,False,True,False,True
6000,0.0,160.0,360.0,1.0,476,36,0.0266666666666666,True,True,True,False,False,False,False,False,False,True
9538,0.0,187.0,360.0,1.0,723,44,0.0196057873768085,True,True,True,False,False,False,False,False,True,True
2980,2083.0,120.0,360.0,1.0,495,34,0.0402684563758389,True,False,False,False,False,False,False,False,False,True
4583,5625.0,255.0,360.0,1.0,638,33,0.0556404102116517,True,True,False,False,False,False,False,True,False,True
1863,1041.0,98.0,360.0,1.0,503,43,0.0526033279656468,True,True,False,False,False,True,False,True,False,True
7933,0.0,275.0,360.0,1.0,569,45,0.0346653220723559,True,True,False,False,False,False,False,False,True,False
3089,1280.0,121.0,360.0,0.0,895,25,0.0391712528326319,True,True,True,False,False,False,False,True,False,False
4167,1447.0,158.0,360.0,1.0,622,38,0.0379169666426685,True,True,False,True,False,False,False,False,False,True
9323,0.0,75.0,180.0,1.0,726,46,0.0080446208302048,True,True,False,False,False,False,False,False,True,True
3707,3166.0,182.0,360.0,1.0,585,51,0.0490963042891826,True,True,False,False,False,False,False,False,False,True
4583,0.0,112.0,360.0,1.0,546,32,0.0244381409557058,False,True,False,False,False,False,False,False,False,False
2439,3333.0,129.0,360.0,1.0,533,25,0.052890528905289,True,True,False,False,False,False,False,False,False,True
2237,0.0,63.0,480.0,0.0,318,21,0.0281627179257934,True,False,False,False,False,False,False,True,False,False
8000,0.0,200.0,360.0,1.0,357,48,0.025,True,True,False,True,False,False,False,True,False,True
1820,1769.0,95.0,360.0,1.0,499,44,0.0521978021978022,True,True,False,False,False,True,False,False,False,True
51763,0.0,700.0,300.0,1.0,863,28,0.013523172922744,True,True,False,False,True,False,False,False,True,True
3522,0.0,81.0,180.0,1.0,352,37,0.0229982964224872,True,True,False,False,True,True,False,False,False,False
5708,5625.0,187.0,360.0,1.0,726,35,0.0327610371408549,True,True,False,False,False,False,False,True,False,True
4344,736.0,87.0,360.0,1.0,561,35,0.0200276243093922,True,True,False,False,False,True,True,True,False,False
3497,1964.0,116.0,360.0,1.0,536,39,0.0331712896768658,True,True,False,False,False,False,False,False,False,True
2045,1619.0,101.0,360.0,1.0,860,47,0.0493887530562347,True,True,False,True,False,False,False,False,False,True
5516,11300.0,495.0,360.0,0.0,577,33,0.0897389412617839,True,True,False,False,True,False,False,True,False,False
3750,0.0,116.0,360.0,1.0,603,38,0.0309333333333333,True,True,True,False,False,False,False,True,False,True
2333,1451.0,102.0,480.0,0.0,658,25,0.0437205315045006,True,False,False,False,False,True,False,False,True,False
6400,7250.0,180.0,360.0,0.0,355,52,0.028125,True,True,True,False,False,False,False,False,True,False
1916,5063.0,67.0,360.0,1.0,385,30,0.0349686847599164,True,False,False,False,False,False,False,False,False,False
4600,0.0,73.0,180.0,1.0,869,59,0.0158695652173913,True,True,False,False,False,False,False,True,False,True
33846,0.0,260.0,360.0,1.0,600,26,0.0076818530993322,True,True,True,False,False,False,False,True,False,False
3625,0.0,108.0,360.0,1.0,546,35,0.0297931034482758,False,True,False,False,False,False,False,True,False,True
39147,4750.0,120.0,360.0,1.0,376,51,0.0030653689937926,True,True,False,False,False,False,True,True,False,True
2178,0.0,66.0,300.0,0.0,705,55,0.0303030303030303,True,True,True,False,False,False,True,False,False,False
2383,2138.0,58.0,360.0,1.0,462,33,0.0243390684011749,True,True,False,False,False,False,False,False,False,True
674,5296.0,168.0,360.0,1.0,417,45,0.2492581602373887,True,True,False,False,False,False,True,False,False,True
9328,0.0,188.0,180.0,1.0,743,44,0.0201543739279588,True,True,False,False,False,False,False,False,False,True
4885,0.0,48.0,360.0,1.0,704,44,0.009825997952917,True,False,False,False,False,True,False,False,False,True
12000,0.0,164.0,360.0,1.0,844,36,0.0136666666666666,True,False,False,False,False,False,False,True,False,False
6033,0.0,160.0,360.0,1.0,629,23,0.0265208022542681,True,True,False,False,False,True,False,False,True,False
3858,0.0,76.0,360.0,1.0,727,21,0.0196993260756868,True,False,False,False,False,False,False,True,False,True
4191,0.0,120.0,360.0,1.0,318,28,0.0286327845382963,True,False,False,False,False,False,False,False,False,True
3125,2583.0,170.0,360.0,1.0,429,52,0.0544,True,True,True,False,False,False,False,True,False,False
8333,3750.0,187.0,360.0,1.0,876,33,0.0224408976359054,True,False,False,False,False,False,False,False,False,True
1907,2365.0,120.0,360.0,1.0,692,57,0.0629260618772941,False,False,False,False,False,True,False,False,True,True
3416,2816.0,113.0,360.0,1.0,811,35,0.03307962529274,False,True,False,False,False,False,False,True,False,True
11000,0.0,83.0,360.0,1.0,558,52,0.0075454545454545,True,False,False,False,False,False,True,False,True,False
2600,2500.0,90.0,360.0,1.0,790,57,0.0346153846153846,True,True,True,False,False,True,False,True,False,True
4923,0.0,166.0,360.0,0.0,663,37,0.0337192768637009,True,False,False,True,False,False,False,True,False,True
3992,0.0,146.41216216216216,180.0,1.0,326,56,0.0366763933271949,True,True,False,False,True,True,False,False,True,False
3500,1083.0,135.0,360.0,1.0,311,23,0.0385714285714285,True,True,True,False,False,True,False,False,True,True
3917,0.0,124.0,360.0,1.0,332,47,0.0316568802655093,True,True,False,True,False,True,False,True,False,True
4408,0.0,120.0,360.0,1.0,772,21,0.0272232304900181,False,False,False,False,False,True,False,True,False,True
3244,0.0,80.0,360.0,1.0,520,30,0.0246609124537607,False,False,False,False,False,False,False,False,True,True
3975,2531.0,55.0,360.0,1.0,535,23,0.0138364779874213,True,False,False,False,False,True,False,False,False,True
2479,0.0,59.0,360.0,1.0,593,23,0.0237999193223073,True,False,False,False,False,False,False,False,True,True
3418,0.0,127.0,360.0,1.0,819,30,0.0371562317144529,True,False,False,False,False,False,False,True,False,False
10000,0.0,214.0,360.0,1.0,838,56,0.0214,False,False,False,False,False,False,False,True,False,False
3430,1250.0,128.0,360.0,0.0,719,38,0.0373177842565597,True,True,False,False,True,False,False,True,False,False
7787,0.0,240.0,360.0,1.0,736,59,0.0308205984332862,True,True,True,False,False,False,True,False,True,True
5703,0.0,130.0,360.0,1.0,369,32,0.0227950201648255,True,True,False,False,True,True,True,False,False,True
3173,3021.0,137.0,360.0,1.0,553,40,0.0431768042861645,True,True,False,False,False,False,False,False,True,True
3850,983.0,100.0,360.0,1.0,798,35,0.0259740259740259,True,True,False,False,True,True,False,True,False,True
150,1800.0,135.0,360.0,1.0,571,39,0.9,True,True,False,False,False,False,False,False,False,False
3727,1775.0,131.0,360.0,1.0,824,59,0.035148913335122,True,True,False,False,False,False,False,True,False,True
5000,0.0,72.0,360.0,0.0,750,58,0.0144,True,True,False,True,False,False,False,True,False,False
4283,2383.0,127.0,360.0,1.0,601,38,0.0296521130049031,False,True,False,True,False,False,False,True,False,True
2221,0.0,60.0,360.0,0.0,767,44,0.0270148581719946,True,True,False,False,False,False,False,False,True,False
4009,1717.0,116.0,360.0,1.0,535,21,0.0289348964829134,True,True,False,True,False,False,False,True,False,True
2971,2791.0,144.0,360.0,1.0,636,43,0.0484685291147761,True,False,False,False,False,False,False,True,False,True
7578,1010.0,175.0,360.0,1.0,436,44,0.0230931644233306,True,True,False,False,False,False,False,True,False,True
6250,0.0,128.0,360.0,1.0,394,45,0.02048,True,True,False,False,False,False,False,True,False,True
3250,0.0,170.0,360.0,1.0,536,38,0.0523076923076923,True,True,False,False,False,False,False,False,False,False
4735,0.0,138.0,360.0,1.0,440,56,0.0291446673706441,True,True,False,False,False,True,True,False,True,False
6250,1695.0,210.0,360.0,1.0,398,30,0.0336,True,True,False,True,False,False,False,True,False,True
4758,0.0,158.0,480.0,1.0,602,55,0.0332072299285414,True,True,False,False,False,False,False,True,False,True
6400,0.0,200.0,360.0,1.0,814,55,0.03125,True,False,False,False,False,False,True,False,False,True
2491,2054.0,104.0,360.0,1.0,811,32,0.041750301083902,True,True,True,False,False,False,False,True,False,True
3716,0.0,42.0,180.0,1.0,892,34,0.011302475780409,True,True,False,False,False,False,False,False,False,True
3189,2598.0,120.0,360.0,1.0,767,39,0.037629350893697,True,False,False,False,False,True,False,False,False,True
8333,0.0,280.0,360.0,1.0,698,54,0.0336013440537621,False,False,False,False,False,False,False,True,False,True
3155,1779.0,140.0,360.0,1.0,803,24,0.0443740095087163,True,True,True,False,False,False,False,True,False,True
5500,1260.0,170.0,360.0,1.0,877,37,0.0309090909090909,True,True,True,False,False,False,False,False,False,True
5746,0.0,255.0,360.0,1.0,370,51,0.044378698224852,True,True,False,False,False,False,False,False,True,False
3463,0.0,122.0,360.0,1.0,492,59,0.035229569737222,False,False,False,False,False,False,True,False,True,True
3812,0.0,112.0,360.0,1.0,324,37,0.0293809024134312,False,False,True,False,False,False,False,False,False,True
3315,0.0,96.0,360.0,1.0,699,28,0.0289592760180995,True,True,True,False,False,False,False,True,False,True
5819,5000.0,120.0,360.0,1.0,771,26,0.020622100017185,True,True,False,True,False,False,False,False,False,True
2510,1983.0,140.0,180.0,1.0,492,57,0.0557768924302788,True,True,True,False,False,True,False,False,True,False
2965,5701.0,155.0,60.0,1.0,389,38,0.0522765598650927,True,False,False,False,False,False,False,False,True,True
6250,1300.0,108.0,360.0,1.0,566,36,0.01728,True,True,False,True,False,False,True,False,False,True
3406,4417.0,123.0,360.0,1.0,692,31,0.0361127422196124,True,True,False,False,False,True,False,True,False,True
6050,4333.0,120.0,180.0,1.0,753,24,0.0198347107438016,True,False,False,False,False,False,True,False,True,False
9703,0.0,112.0,360.0,1.0,845,46,0.0115428218076883,True,True,False,True,False,False,False,False,True,True
6608,0.0,137.0,180.0,1.0,857,42,0.0207324455205811,True,True,True,False,False,True,False,False,True,True
2882,1843.0,123.0,480.0,1.0,765,47,0.042678695350451,True,True,True,False,False,False,False,True,False,True
1809,1868.0,90.0,360.0,1.0,860,24,0.0497512437810945,True,True,False,False,False,False,False,False,True,True
1668,3890.0,201.0,360.0,0.0,649,53,0.1205035971223021,True,True,False,False,False,True,False,True,False,False
3427,0.0,138.0,360.0,1.0,893,33,0.0402684563758389,False,False,False,True,False,False,False,False,True,False
2583,2167.0,104.0,360.0,1.0,777,47,0.0402632597754549,True,False,False,False,False,True,True,False,False,True
2661,7101.0,279.0,180.0,1.0,698,36,0.104847801578354,True,True,True,False,False,True,False,True,False,True
16250,0.0,192.0,360.0,0.0,691,53,0.0118153846153846,True,False,False,False,False,False,True,False,True,False
3083,0.0,255.0,360.0,1.0,830,58,0.0827116445021083,False,False,False,False,True,False,False,False,False,True
6045,0.0,115.0,360.0,0.0,569,22,0.0190239867659222,True,False,False,False,False,True,False,False,False,False
5250,0.0,94.0,360.0,1.0,490,34,0.0179047619047619,True,True,False,False,True,False,False,False,True,False
14683,2100.0,304.0,360.0,1.0,700,26,0.0207042157597221,True,True,False,False,False,False,False,False,False,False
4931,0.0,128.0,360.0,1.0,531,40,0.0259582234840803,True,True,False,False,True,True,False,True,False,False
6083,4250.0,330.0,360.0,1.0,328,29,0.0542495479204339,True,True,True,False,False,False,False,False,True,True
2060,2209.0,134.0,360.0,1.0,753,56,0.0650485436893203,True,False,False,False,False,False,False,True,False,True
3481,0.0,155.0,36.0,1.0,893,26,0.0445274346452168,False,False,True,False,False,False,False,True,False,False
7200,0.0,120.0,360.0,1.0,882,23,0.0166666666666666,False,False,False,False,False,False,False,False,False,True
5166,0.0,128.0,360.0,1.0,482,39,0.0247773906310491,True,False,False,False,False,False,True,True,False,True
4095,3447.0,151.0,360.0,1.0,884,25,0.0368742368742368,True,False,False,False,False,False,False,False,False,True
4708,1387.0,150.0,360.0,1.0,402,31,0.0318606627017842,True,True,False,True,False,False,False,True,False,True
4333,1811.0,160.0,360.0,0.0,339,47,0.0369259173782598,True,True,False,False,True,False,False,False,True,True
3418,0.0,135.0,360.0,1.0,333,43,0.0394967817437097,False,False,False,False,False,False,False,False,False,False
2876,1560.0,90.0,360.0,1.0,777,54,0.0312934631432545,False,False,True,False,False,False,False,False,True,True
3237,0.0,30.0,360.0,1.0,400,31,0.0092678405931417,False,False,False,False,False,False,False,False,True,True
11146,0.0,136.0,360.0,1.0,492,51,0.0122016867037502,True,True,False,False,False,False,False,False,True,True
2833,1857.0,126.0,360.0,1.0,418,39,0.0444758206847864,True,False,False,False,False,False,False,False,False,True
2620,2223.0,150.0,360.0,1.0,510,55,0.0572519083969465,True,True,False,False,False,False,False,True,False,True
3900,0.0,90.0,360.0,1.0,482,28,0.023076923076923,True,True,False,True,False,False,False,True,False,True
2750,1842.0,115.0,360.0,1.0,525,44,0.0418181818181818,True,True,True,False,False,False,False,True,False,True
3993,3274.0,207.0,360.0,1.0,581,58,0.0518407212622088,True,True,False,False,False,False,False,True,False,True
3103,1300.0,80.0,360.0,1.0,469,47,0.0257815017724782,True,True,False,False,False,False,False,False,True,True
14583,0.0,436.0,360.0,1.0,884,43,0.0298978262360282,True,True,False,False,False,False,False,True,False,True
4100,0.0,124.0,360.0,1.0,424,25,0.0302439024390243,False,True,False,False,False,True,False,False,False,True
4053,2426.0,158.0,360.0,0.0,798,44,0.0389834690352825,True,False,True,False,False,True,True,False,True,False
3927,800.0,112.0,360.0,1.0,550,34,0.0285204991087344,True,True,False,False,False,False,False,True,False,True
2301,985.7999878,78.0,180.0,1.0,893,47,0.0338983050847457,True,True,False,True,False,False,False,False,True,True
1811,1666.0,54.0,360.0,1.0,505,38,0.029817780231916,False,False,False,False,False,False,False,False,True,True
20667,0.0,146.41216216216216,360.0,1.0,482,32,0.0070843451958272,True,True,False,False,False,False,False,False,False,False
3158,3053.0,89.0,360.0,1.0,566,44,0.0281823939202026,True,False,False,False,False,False,False,False,False,True
2600,1717.0,99.0,300.0,1.0,584,40,0.038076923076923,False,False,False,False,False,False,True,True,False,False
3704,2000.0,120.0,360.0,1.0,899,45,0.0323974082073434,True,True,False,False,False,False,False,False,False,True
4124,0.0,115.0,360.0,1.0,835,25,0.0278855480116391,False,False,False,False,False,False,False,True,False,True
9508,0.0,187.0,360.0,1.0,565,54,0.0196676482961716,True,False,False,False,False,False,False,False,False,True
3075,2416.0,139.0,360.0,1.0,849,40,0.0452032520325203,True,True,False,False,False,False,False,False,False,True
4400,0.0,127.0,360.0,0.0,621,32,0.0288636363636363,True,True,False,True,False,False,False,True,False,False
3153,1560.0,134.0,360.0,1.0,425,23,0.042499207104345,True,True,False,True,False,False,False,False,True,True
5417,0.0,143.0,480.0,0.0,736,42,0.0263983754845855,False,False,False,False,False,False,False,False,True,False
2383,3334.0,172.0,360.0,1.0,452,43,0.0721779269827948,True,True,False,False,False,False,False,True,False,True
4416,1250.0,110.0,360.0,1.0,484,36,0.024909420289855,True,True,False,False,True,False,False,False,True,True
6875,0.0,200.0,360.0,1.0,445,41,0.029090909090909,True,True,True,False,False,False,False,True,False,True
4666,0.0,135.0,360.0,1.0,320,56,0.028932704672096,False,True,True,False,False,False,False,False,True,True
5000,2541.0,151.0,480.0,1.0,486,24,0.0302,False,False,False,False,False,False,False,False,False,False
2014,2925.0,113.0,360.0,1.0,870,53,0.0561072492552135,True,True,True,False,False,False,False,False,True,False
1800,2934.0,93.0,360.0,0.0,347,31,0.0516666666666666,True,True,False,False,False,True,False,False,True,False
2875,1750.0,105.0,360.0,1.0,650,33,0.0365217391304347,True,True,False,False,False,True,False,True,False,True
5000,0.0,132.0,360.0,1.0,858,55,0.0264,False,False,False,False,False,False,False,False,False,True
1625,1803.0,96.0,360.0,1.0,552,44,0.059076923076923,True,True,True,False,False,False,False,False,True,True
4000,2500.0,140.0,360.0,1.0,836,30,0.035,True,False,False,False,False,False,False,False,False,True
2000,0.0,146.41216216216216,360.0,1.0,454,37,0.073206081081081,True,False,False,False,False,True,False,False,True,False
3762,1666.0,135.0,360.0,1.0,390,35,0.0358851674641148,False,False,False,False,False,False,False,False,False,True
2400,1863.0,104.0,360.0,0.0,853,29,0.0433333333333333,False,False,False,False,False,False,False,False,True,False
20233,0.0,480.0,360.0,1.0,364,37,0.0237236198289922,True,False,False,False,False,False,False,False,False,False
7667,0.0,185.0,360.0,1.0,328,58,0.0241293856788835,True,True,False,True,False,True,False,False,False,True
2917,0.0,84.0,360.0,1.0,832,53,0.0287967089475488,False,False,False,False,False,False,False,True,False,True
2927,2405.0,111.0,360.0,1.0,358,39,0.0379227878373761,True,False,False,False,False,True,False,True,False,True
2507,0.0,56.0,360.0,1.0,329,45,0.0223374551256481,False,False,False,False,False,False,False,False,False,True
5746,0.0,144.0,84.0,1.0,631,41,0.0250609119387399,True,True,False,True,False,False,True,False,False,True
2473,1843.0,159.0,360.0,1.0,483,29,0.0642943792964011,True,True,False,False,False,False,False,False,False,False
3399,1640.0,111.0,180.0,1.0,351,28,0.0326566637246248,True,True,True,False,False,True,False,False,True,True
3717,0.0,120.0,360.0,1.0,509,55,0.0322841000807102,True,True,False,True,False,False,False,True,False,True
2058,2134.0,88.0,360.0,1.0,316,56,0.042759961127308,True,True,False,False,False,False,False,False,True,True
3541,0.0,112.0,360.0,1.0,336,43,0.031629483196837,False,False,True,False,False,False,False,True,False,True
10000,0.0,155.0,360.0,1.0,448,35,0.0155,True,True,True,False,False,False,True,False,False,False
2400,2167.0,115.0,360.0,1.0,415,35,0.0479166666666666,True,True,False,False,False,False,False,True,False,True
4342,189.0,124.0,360.0,1.0,777,58,0.0285582680792261,True,True,False,False,True,False,False,True,False,True
3601,1590.0,146.41216216216216,360.0,1.0,839,34,0.0406587509475596,True,True,False,True,False,True,False,False,False,True
3166,2985.0,132.0,360.0,1.0,709,37,0.0416929879974731,False,False,False,False,False,False,False,False,False,True
15000,0.0,300.0,360.0,1.0,542,22,0.02,True,True,False,False,True,False,False,False,False,True
8666,4983.0,376.0,360.0,0.0,790,27,0.0433879529194553,True,True,True,False,False,False,True,False,False,False
4917,0.0,130.0,360.0,0.0,705,52,0.0264388854992881,True,False,False,False,False,False,False,False,False,True
5818,2160.0,184.0,360.0,1.0,377,32,0.0316259883121347,True,True,False,False,False,False,True,True,False,True
4333,2451.0,110.0,360.0,1.0,368,36,0.0253865681975536,False,True,False,False,False,False,False,False,True,False
2500,0.0,67.0,360.0,1.0,788,35,0.0268,False,False,False,False,False,False,False,False,True,True
4384,1793.0,117.0,360.0,1.0,609,51,0.0266879562043795,True,False,True,False,False,False,False,False,True,True
2935,0.0,98.0,360.0,1.0,760,44,0.0333901192504258,True,False,False,False,False,False,False,True,False,True
2833,0.0,71.0,360.0,1.0,705,43,0.0250617719731733,True,False,False,False,False,False,False,False,True,True
63337,0.0,490.0,180.0,1.0,609,48,0.0077363942087563,True,True,False,False,False,False,False,False,True,True
9833,1833.0,182.0,180.0,1.0,634,54,0.0185091020034577,True,True,True,False,False,False,True,False,True,True
5503,4490.0,70.0,360.0,1.0,473,36,0.0127203343630746,True,True,False,False,False,False,True,True,False,True
5250,688.0,160.0,360.0,1.0,476,54,0.0304761904761904,True,True,True,False,False,False,False,False,False,True
2500,4600.0,176.0,360.0,1.0,729,53,0.0704,True,True,False,True,False,False,True,False,False,True
1830,0.0,146.41216216216216,360.0,0.0,675,48,0.0800066459902525,False,False,False,False,True,True,False,False,True,False
4160,0.0,71.0,360.0,1.0,749,29,0.0170673076923076,False,False,False,False,False,False,False,True,False,True
2647,1587.0,173.0,360.0,1.0,438,42,0.0653570079335096,True,True,False,False,True,True,False,False,False,False
2378,0.0,46.0,360.0,1.0,531,47,0.0193439865433137,False,False,False,False,False,False,False,False,False,False
4554,1229.0,158.0,360.0,1.0,733,29,0.0346947738252086,True,True,True,False,False,True,False,False,True,True
3173,0.0,74.0,360.0,1.0,440,52,0.0233217774976363,True,True,False,False,True,True,False,True,False,True
2583,2330.0,125.0,360.0,1.0,642,27,0.0483933410762679,True,True,False,True,False,False,False,False,False,True
2499,2458.0,160.0,360.0,1.0,806,52,0.0640256102440976,True,True,False,False,False,False,False,True,False,True
3523,3230.0,152.0,360.0,0.0,469,52,0.0431450468350837,True,True,False,False,False,True,False,False,False,False
3083,2168.0,126.0,360.0,1.0,870,42,0.0408692831657476,True,True,False,True,False,True,False,False,True,True
6333,4583.0,259.0,360.0,1.0,497,46,0.0408968893099636,True,True,False,False,False,False,False,True,False,True
2625,6250.0,187.0,360.0,1.0,810,40,0.0712380952380952,True,True,False,False,False,False,False,False,False,True
9083,0.0,228.0,360.0,1.0,492,22,0.0251018385995816,True,True,False,False,False,False,False,True,False,True
8750,4167.0,308.0,360.0,1.0,687,21,0.0352,True,False,False,False,False,False,False,False,False,False
2666,2083.0,95.0,360.0,1.0,491,43,0.0356339084771192,True,True,False,False,True,False,False,False,False,True
5500,0.0,105.0,360.0,0.0,617,47,0.019090909090909,False,True,False,False,False,False,True,False,False,False
2423,505.0,130.0,360.0,1.0,834,37,0.0536524969046636,False,True,False,False,False,False,False,True,False,True
3813,0.0,116.0,180.0,1.0,664,55,0.030422239706268,False,False,False,False,False,False,False,False,True,True
8333,3167.0,165.0,360.0,1.0,652,35,0.0198007920316812,True,True,False,True,False,False,False,False,False,True
3875,0.0,67.0,360.0,1.0,735,37,0.0172903225806451,True,True,True,False,False,False,False,False,True,False
3000,1666.0,100.0,480.0,0.0,420,22,0.0333333333333333,True,True,False,False,False,True,False,False,True,False
5167,3167.0,200.0,360.0,1.0,672,24,0.0387071801819237,True,True,False,False,True,False,False,True,False,True
4723,0.0,81.0,360.0,1.0,397,39,0.017150116451408,False,False,True,False,False,False,False,True,False,False
5000,3667.0,236.0,360.0,1.0,624,35,0.0472,True,True,False,True,False,False,False,True,False,True
4750,2333.0,130.0,360.0,1.0,466,36,0.0273684210526315,True,True,False,False,False,False,False,False,True,True
3013,3033.0,95.0,300.0,1.0,361,28,0.0315300365084633,True,True,False,False,False,False,False,False,True,True
6822,0.0,141.0,360.0,1.0,863,35,0.0206684256816182,True,False,False,False,False,False,True,False,False,True
6216,0.0,133.0,360.0,1.0,624,23,0.0213963963963963,True,False,False,False,False,True,False,False,False,False
2500,0.0,96.0,480.0,1.0,712,51,0.0384,True,False,False,False,False,False,False,True,False,False
5124,0.0,124.0,360.0,0.0,404,28,0.024199843871975,True,False,False,False,False,False,False,False,False,False
6325,0.0,175.0,360.0,1.0,672,31,0.0276679841897233,True,True,True,False,False,False,False,True,False,True
19730,5266.0,570.0,360.0,1.0,546,26,0.0288900152052711,True,True,False,False,False,False,False,False,False,False
15759,0.0,55.0,360.0,1.0,895,44,0.0034900691668253,False,False,False,False,False,False,True,True,False,True
5185,0.0,155.0,360.0,1.0,717,24,0.0298939247830279,True,True,False,True,False,False,False,True,False,True
9323,7873.0,380.0,300.0,1.0,484,32,0.0407594122063713,True,True,False,True,False,False,True,False,False,True
3062,1987.0,111.0,180.0,0.0,561,31,0.0362508164598301,True,False,True,False,False,False,False,False,True,False
2764,1459.0,110.0,360.0,1.0,792,55,0.0397973950795947,False,False,False,False,False,False,False,False,True,True
4817,923.0,120.0,180.0,1.0,723,31,0.0249117708117085,True,True,False,False,False,False,False,False,True,True
8750,4996.0,130.0,360.0,1.0,841,21,0.0148571428571428,True,True,False,False,True,False,False,False,False,True
4310,0.0,130.0,360.0,1.0,382,37,0.0301624129930394,True,True,False,False,False,False,False,True,False,True
3069,0.0,71.0,480.0,1.0,737,35,0.0231345715216682,True,False,False,False,False,False,False,False,True,False
5391,0.0,130.0,360.0,1.0,570,58,0.0241142645149322,True,True,False,True,False,False,False,False,True,True
3333,2500.0,128.0,360.0,1.0,850,56,0.0384038403840384,True,True,False,False,False,False,False,True,False,True
5941,4232.0,296.0,360.0,1.0,773,59,0.0498232620770913,True,False,False,False,False,False,False,True,False,True
6000,0.0,156.0,360.0,1.0,591,47,0.026,False,False,False,False,False,False,False,False,True,True
7167,0.0,128.0,360.0,1.0,743,56,0.0178596344356076,True,False,False,False,False,False,True,False,True,True
4566,0.0,100.0,360.0,1.0,385,32,0.0219010074463425,True,True,False,True,False,False,False,False,True,False
3667,0.0,113.0,180.0,1.0,532,59,0.0308153804199618,True,False,True,False,False,False,False,False,True,True
2346,1600.0,132.0,360.0,1.0,754,42,0.0562659846547314,True,False,False,False,False,True,False,True,False,True
3010,3136.0,146.41216216216216,360.0,0.0,888,42,0.0486419143395887,True,True,False,False,False,True,False,False,True,False
2333,2417.0,136.0,360.0,1.0,376,40,0.0582940420060008,True,True,False,False,False,False,False,False,True,True
5488,0.0,125.0,360.0,1.0,605,29,0.0227769679300291,True,True,False,False,False,False,False,False,False,True
9167,0.0,185.0,360.0,1.0,745,56,0.0201810843242063,True,False,False,False,True,False,False,False,False,True
9504,0.0,275.0,360.0,1.0,515,38,0.0289351851851851,True,True,False,False,True,False,False,False,False,True
2583,2115.0,120.0,360.0,1.0,301,48,0.0464576074332171,True,True,False,False,False,False,False,False,True,True
1993,1625.0,113.0,180.0,1.0,593,36,0.0566984445559458,True,True,False,True,False,True,False,True,False,True
3100,1400.0,113.0,360.0,1.0,873,29,0.0364516129032258,True,True,False,True,False,False,False,False,True,True
3276,484.0,135.0,360.0,1.0,427,36,0.0412087912087912,True,True,False,True,False,False,False,True,False,True
3180,0.0,71.0,360.0,0.0,531,56,0.0223270440251572,False,False,False,False,False,False,False,False,True,False
3033,1459.0,95.0,360.0,1.0,897,40,0.0313221233102538,True,True,False,False,False,False,False,False,True,True
3902,1666.0,109.0,360.0,1.0,848,42,0.0279343926191696,True,False,False,False,False,True,False,False,False,True
1500,1800.0,103.0,360.0,0.0,749,32,0.0686666666666666,False,False,False,False,False,False,False,True,False,False
2889,0.0,45.0,180.0,0.0,462,54,0.0155763239875389,True,True,False,True,False,True,False,False,True,False
2755,0.0,65.0,300.0,1.0,448,58,0.0235934664246823,True,False,False,False,False,True,False,False,False,False
2500,20000.0,103.0,360.0,1.0,506,27,0.0412,True,False,False,False,False,False,False,True,False,True
1963,0.0,53.0,360.0,1.0,597,27,0.0269994905756495,False,False,False,False,False,True,False,True,False,True
7441,0.0,194.0,360.0,1.0,596,23,0.0260717645477758,False,False,False,False,False,False,True,False,False,False
4547,0.0,115.0,360.0,1.0,747,32,0.0252914009236859,False,False,False,False,False,False,False,True,False,True
2167,2400.0,115.0,360.0,1.0,653,28,0.053068758652515,True,True,False,False,False,True,False,False,True,True
2213,0.0,66.0,360.0,1.0,717,52,0.0298237686398554,False,False,False,False,False,True,False,False,False,True
8300,0.0,152.0,300.0,0.0,387,49,0.0183132530120481,True,True,True,False,False,False,False,True,False,False
81000,0.0,360.0,360.0,0.0,501,44,0.0044444444444444,True,True,False,False,True,False,False,False,False,False
3867,0.0,62.0,360.0,1.0,773,54,0.0160331005947763,False,False,True,False,False,True,True,True,False,False
6256,0.0,160.0,360.0,1.0,804,37,0.0255754475703324,True,True,False,False,False,False,False,False,True,True
6096,0.0,218.0,360.0,0.0,546,24,0.035761154855643,True,True,False,False,False,True,False,False,False,False
2253,2033.0,110.0,360.0,1.0,770,32,0.0488237905015534,True,True,False,False,False,True,False,False,False,True
2149,3237.0,178.0,360.0,0.0,494,57,0.0828292228943694,False,True,False,False,False,True,False,True,False,False
2995,0.0,60.0,360.0,1.0,737,24,0.020033388981636,False,False,False,False,False,False,False,False,True,True
2600,0.0,160.0,360.0,1.0,806,41,0.0615384615384615,False,False,True,False,False,False,False,False,True,False
1600,20000.0,239.0,360.0,1.0,446,52,0.149375,True,True,False,True,False,False,True,False,True,False
1025,2773.0,112.0,360.0,1.0,467,30,0.1092682926829268,True,True,False,False,False,False,False,False,False,True
3246,1417.0,138.0,360.0,1.0,407,52,0.0425138632162661,True,True,False,False,False,False,False,True,False,True
5829,0.0,138.0,360.0,1.0,478,51,0.0236747297992794,True,True,False,False,False,False,False,False,False,True
2720,0.0,80.0,360.0,0.0,371,44,0.0294117647058823,False,False,False,False,False,True,False,False,True,False
1820,1719.0,100.0,360.0,1.0,427,31,0.0549450549450549,True,True,False,False,False,False,False,False,True,True
7250,1667.0,110.0,360.0,0.0,364,25,0.0151724137931034,True,True,True,False,False,False,False,False,True,False
14880,0.0,96.0,360.0,1.0,616,35,0.0064516129032258,True,True,False,False,False,False,False,True,False,True
2666,4300.0,121.0,360.0,1.0,431,52,0.0453863465866466,True,True,False,False,False,False,False,False,False,True
4606,0.0,81.0,360.0,1.0,387,24,0.0175857577073382,False,False,True,False,False,True,False,False,False,False
5935,0.0,133.0,360.0,1.0,744,58,0.0224094355518112,True,True,False,True,False,False,False,True,False,True
2920,16.12000084,87.0,360.0,1.0,300,55,0.0297945205479452,True,True,False,False,False,False,False,False,False,True
2717,0.0,60.0,180.0,1.0,640,43,0.0220831799779168,True,False,False,False,False,True,False,False,True,True
8624,0.0,150.0,360.0,1.0,485,52,0.0173933209647495,False,False,True,False,False,False,True,True,False,True
6500,0.0,105.0,360.0,0.0,603,23,0.0161538461538461,True,False,False,False,False,False,False,False,False,False
12876,0.0,405.0,360.0,1.0,381,58,0.0314538676607642,True,False,False,False,False,False,False,True,False,True
2425,2340.0,143.0,360.0,1.0,377,40,0.0589690721649484,True,True,False,False,False,False,False,True,False,True
3750,0.0,100.0,360.0,1.0,455,54,0.0266666666666666,True,False,False,False,False,False,False,False,True,True
10047,0.0,146.41216216216216,240.0,1.0,410,53,0.0145727244114822,False,True,False,False,False,False,False,True,False,True
1926,1851.0,50.0,360.0,1.0,599,25,0.0259605399792315,True,False,False,False,False,False,False,True,False,True
2213,1125.0,146.41216216216216,360.0,1.0,707,35,0.0661600371270502,True,True,False,False,False,False,False,False,True,True
10416,0.0,187.0,360.0,0.0,337,30,0.0179531490015361,True,False,False,False,False,False,True,False,True,False
7142,0.0,138.0,360.0,1.0,809,46,0.0193223186782413,False,True,False,False,False,True,True,False,False,True
3660,5064.0,187.0,360.0,1.0,850,50,0.0510928961748633,True,False,False,False,False,False,False,True,False,True
7901,1833.0,180.0,360.0,1.0,685,39,0.0227819263384381,True,True,False,False,False,False,False,False,False,True
4707,1993.0,148.0,360.0,1.0,416,35,0.0314425323985553,True,False,False,False,True,True,False,True,False,True
37719,0.0,152.0,360.0,1.0,407,29,0.0040297993053898,True,False,True,False,False,False,False,True,False,True
7333,8333.0,175.0,300.0,1.0,398,55,0.0238647211236874,True,True,False,False,False,False,False,False,False,True
3466,1210.0,130.0,360.0,1.0,590,33,0.0375072129255626,True,True,True,False,False,False,True,False,False,True
4652,0.0,110.0,360.0,1.0,827,22,0.023645743766122,True,True,False,True,False,True,False,False,False,True
3539,1376.0,55.0,360.0,1.0,892,57,0.0155411133088443,True,True,False,False,False,False,False,False,False,False
3340,1710.0,150.0,360.0,0.0,429,36,0.0449101796407185,True,True,False,True,False,False,False,False,False,False
2769,1542.0,190.0,360.0,1.0,478,49,0.0686168291802094,True,False,True,False,False,True,True,True,False,False
2309,1255.0,125.0,360.0,0.0,530,46,0.0541359896058899,True,True,False,True,False,True,False,False,False,False
1958,1456.0,60.0,300.0,1.0,395,29,0.0306435137895812,True,True,False,True,False,True,False,False,True,True
3948,1733.0,149.0,360.0,0.0,598,48,0.03774062816616,True,True,False,False,False,False,False,False,False,False
2483,2466.0,90.0,180.0,0.0,816,29,0.0362464760370519,True,True,False,False,False,False,False,False,False,True
7085,0.0,84.0,360.0,1.0,728,52,0.0118560338743824,True,False,False,False,False,False,True,True,False,True
3859,0.0,96.0,360.0,1.0,335,54,0.0248769111168696,True,True,False,True,False,False,False,True,False,True
4301,0.0,118.0,360.0,1.0,674,38,0.0274354801209021,True,True,False,False,False,False,False,False,True,True
3708,2569.0,173.0,360.0,1.0,395,37,0.046655879180151,True,True,False,False,False,False,False,False,True,False
4354,0.0,136.0,360.0,1.0,563,46,0.0312356453835553,True,False,False,True,False,False,False,False,False,True
8334,0.0,160.0,360.0,1.0,490,27,0.0191984641228701,True,True,False,False,False,False,False,True,False,False
2083,4083.0,160.0,360.0,1.0,466,33,0.0768122899663946,True,True,False,False,False,False,True,True,False,True
7740,0.0,128.0,180.0,1.0,509,54,0.0165374677002583,True,True,False,False,True,False,False,False,True,True
3015,2188.0,153.0,360.0,1.0,507,50,0.0507462686567164,True,True,False,False,False,False,False,False,False,True
5191,0.0,132.0,360.0,1.0,799,57,0.0254286264688884,False,False,True,False,False,True,False,True,False,True
4166,0.0,98.0,360.0,0.0,836,33,0.0235237638022083,True,False,False,False,False,False,False,True,False,False
6000,0.0,140.0,360.0,1.0,606,44,0.0233333333333333,True,False,False,False,False,False,False,False,False,True
2947,1664.0,70.0,180.0,0.0,368,38,0.0237529691211401,True,True,False,False,True,True,False,False,True,False
16692,0.0,110.0,360.0,1.0,898,54,0.0065899832254972,True,True,False,False,False,False,False,True,False,True
210,2917.0,98.0,360.0,1.0,677,21,0.4666666666666667,False,True,False,True,False,True,False,True,False,True
4333,2451.0,110.0,360.0,1.0,333,35,0.0253865681975536,True,True,False,False,False,False,False,False,True,False
3450,2079.0,162.0,360.0,1.0,895,54,0.0469565217391304,True,True,True,False,False,False,True,True,False,True
2653,1500.0,113.0,180.0,0.0,563,35,0.0425932906143987,True,True,True,False,False,True,False,False,False,False
4691,0.0,100.0,360.0,1.0,504,40,0.0213174163291409,True,True,False,False,True,False,False,True,False,True
2500,0.0,93.0,360.0,1.0,463,49,0.0372,False,False,False,False,False,False,True,False,True,True
5532,4648.0,162.0,360.0,1.0,310,41,0.0292841648590021,True,False,False,True,False,False,False,False,False,True
16525,1014.0,150.0,360.0,1.0,395,45,0.0090771558245083,True,True,False,True,False,False,True,False,False,True
6700,1750.0,230.0,300.0,1.0,321,26,0.0343283582089552,True,True,False,True,False,False,False,True,False,True
2873,1872.0,132.0,360.0,0.0,597,50,0.0459450052210233,True,True,False,True,False,False,False,True,False,False
16667,2250.0,86.0,360.0,1.0,775,34,0.0051598968020639,True,True,True,False,False,False,True,True,False,True
2947,1603.0,146.41216216216216,360.0,1.0,477,41,0.04968176523996,True,True,False,True,False,False,False,False,True,False
4350,0.0,154.0,360.0,1.0,504,37,0.0354022988505747,False,False,False,False,False,True,False,False,False,True
3095,0.0,113.0,360.0,1.0,589,22,0.0365105008077544,True,True,False,False,True,True,False,False,False,True
2083,3150.0,128.0,360.0,1.0,678,47,0.0614498319731156,True,True,False,False,False,False,False,True,False,True
10833,0.0,234.0,360.0,1.0,886,35,0.0216006646358349,True,True,False,False,False,False,False,True,False,True
8333,0.0,246.0,360.0,1.0,713,21,0.0295211808472338,True,True,False,True,False,False,False,True,False,True
1958,2436.0,131.0,360.0,1.0,710,55,0.0669050051072523,True,True,True,False,False,True,False,False,False,True
3547,0.0,80.0,360.0,0.0,623,23,0.0225542712151113,True,False,False,True,False,False,False,False,False,False
18333,0.0,500.0,360.0,1.0,327,45,0.0272732231495118,True,True,True,False,False,False,False,False,True,False
4583,2083.0,160.0,360.0,1.0,766,33,0.0349116299367226,True,True,False,True,False,False,True,True,False,True
2435,0.0,75.0,360.0,1.0,651,55,0.0308008213552361,True,False,False,False,False,False,False,False,True,False
2699,2785.0,96.0,360.0,1.0,850,37,0.0355687291589477,True,False,False,False,False,True,False,True,False,True
5333,1131.0,186.0,360.0,1.0,456,45,0.0348771798237389,True,True,True,False,False,True,False,False,True,True
3691,0.0,110.0,360.0,1.0,749,31,0.0298022216201571,True,False,False,False,False,True,False,False,False,True
17263,0.0,225.0,360.0,1.0,526,52,0.0130336557956322,False,False,False,False,False,True,True,True,False,True
3597,2157.0,119.0,360.0,0.0,536,30,0.033083124826244,True,True,False,False,False,False,False,False,False,False
3326,913.0,105.0,84.0,1.0,684,36,0.0315694527961515,False,True,True,False,False,False,False,True,False,True
2600,1700.0,107.0,360.0,1.0,756,22,0.0411538461538461,True,True,False,False,False,True,False,False,False,True
4625,2857.0,111.0,12.0,1.0,593,54,0.024,True,True,False,False,False,False,False,False,True,True
2895,0.0,95.0,360.0,1.0,514,42,0.0328151986183074,True,True,True,False,False,False,True,True,False,True
6283,4416.0,209.0,360.0,0.0,817,59,0.0332643641572497,True,False,False,False,False,False,False,False,False,False
645,3683.0,113.0,480.0,1.0,631,52,0.1751937984496124,False,False,False,False,False,False,False,False,False,True
3159,0.0,100.0,360.0,1.0,586,37,0.0316555872111427,False,False,False,False,False,False,False,True,False,True
4865,5624.0,208.0,360.0,1.0,386,28,0.042754367934224,True,True,False,True,False,False,False,True,False,True
4050,5302.0,138.0,360.0,1.0,488,48,0.034074074074074,True,True,True,False,False,True,False,False,False,False
3814,1483.0,124.0,300.0,1.0,619,28,0.0325117986366019,True,True,False,False,False,True,False,True,False,True
3510,4416.0,243.0,360.0,1.0,839,35,0.0692307692307692,True,True,False,True,False,False,False,False,False,True
20833,6667.0,480.0,360.0,1.0,712,34,0.0230403686458983,True,True,False,False,False,False,False,False,True,True
3583,0.0,96.0,360.0,1.0,463,31,0.026793190064192,True,False,False,False,False,False,False,False,True,False
2479,3013.0,188.0,360.0,1.0,542,44,0.0758370310609116,True,True,False,False,False,False,True,False,True,True
13262,0.0,40.0,360.0,1.0,457,57,0.003016136329362,False,False,True,False,False,False,False,False,True,True
3598,1287.0,100.0,360.0,1.0,664,26,0.027793218454697,True,False,False,False,False,True,False,False,False,False
6065,2004.0,250.0,360.0,1.0,376,55,0.0412201154163231,True,True,True,False,False,False,False,True,False,True
3283,2035.0,148.0,360.0,1.0,688,26,0.045080718854706,True,True,False,True,False,False,False,False,True,True
2130,6666.0,70.0,180.0,1.0,687,26,0.0328638497652582,True,True,False,False,False,False,False,True,False,False
5815,3666.0,311.0,360.0,1.0,333,38,0.0534823731728288,True,False,False,False,False,False,False,False,False,False
3466,3428.0,150.0,360.0,1.0,806,59,0.0432775533756491,True,True,False,False,True,False,False,False,False,True
2031,1632.0,113.0,480.0,1.0,874,55,0.0556376169374692,False,True,False,True,False,False,False,True,False,True
3074,1800.0,123.0,360.0,0.0,813,22,0.0400130123617436,True,True,False,False,False,True,False,True,False,False
4683,1915.0,185.0,360.0,1.0,824,45,0.0395045910740978,True,False,False,False,False,False,False,True,False,False
3400,0.0,95.0,360.0,1.0,837,21,0.0279411764705882,False,False,False,False,False,True,False,False,False,False
2192,1742.0,45.0,360.0,1.0,671,37,0.0205291970802919,True,True,False,True,False,True,False,True,False,True
2500,0.0,55.0,360.0,1.0,807,42,0.022,True,False,False,False,False,False,False,True,False,True
5677,1424.0,100.0,360.0,1.0,781,44,0.0176149374669719,True,True,False,False,True,False,True,False,False,True
7948,7166.0,480.0,360.0,1.0,724,49,0.0603925515853044,True,True,False,True,False,False,True,False,False,True
4680,2087.0,146.41216216216216,360.0,1.0,508,43,0.03128465003465,True,False,False,False,False,False,False,True,False,False
17500,0.0,400.0,360.0,1.0,616,29,0.0228571428571428,True,True,False,True,False,False,True,False,False,True
3775,0.0,110.0,360.0,1.0,517,38,0.0291390728476821,True,True,False,False,False,False,False,True,False,True
5285,1430.0,161.0,360.0,0.0,372,35,0.0304635761589403,True,True,True,False,False,True,False,True,False,True
2679,1302.0,94.0,360.0,1.0,566,27,0.0350877192982456,True,False,True,False,False,True,False,True,False,True
6783,0.0,130.0,360.0,1.0,627,56,0.0191655609612265,True,False,False,False,False,True,False,True,False,True
1025,5500.0,216.0,360.0,1.0,491,28,0.2107317073170731,True,True,False,False,False,False,False,False,False,True
4281,0.0,100.0,360.0,1.0,685,57,0.0233590282644241,True,True,False,False,True,False,False,False,True,True
3588,0.0,110.0,360.0,0.0,808,30,0.0306577480490523,True,False,False,True,False,False,False,False,False,False
11250,0.0,196.0,360.0,1.0,494,33,0.0174222222222222,True,False,True,False,False,False,False,True,False,False
18165,0.0,125.0,360.0,1.0,467,34,0.0068813652628681,False,False,False,False,False,True,True,False,True,True
2550,2042.0,126.0,360.0,1.0,815,21,0.0494117647058823,True,False,False,False,False,True,False,False,False,True
6133,3906.0,324.0,360.0,1.0,834,46,0.0528289580955486,True,True,False,False,False,False,False,False,True,True
3617,0.0,107.0,360.0,1.0,661,58,0.0295825269560409,True,False,False,True,False,False,False,True,False,True
2917,536.0,66.0,360.0,1.0,445,57,0.0226259856016455,True,True,False,False,False,True,False,False,False,False
6417,0.0,157.0,180.0,1.0,413,32,0.0244662614929094,True,True,False,False,True,False,False,False,False,True
4608,2845.0,140.0,180.0,1.0,680,43,0.0303819444444444,False,True,True,False,False,False,False,True,False,True
2138,0.0,99.0,360.0,0.0,422,41,0.0463049579045837,False,False,False,False,False,False,False,True,False,False
3652,0.0,95.0,360.0,1.0,822,31,0.026013143483023,False,False,True,False,False,False,False,True,False,True
2239,2524.0,128.0,360.0,1.0,401,50,0.0571683787405091,True,True,True,False,False,True,False,False,True,True
3017,663.0,102.0,360.0,1.0,765,42,0.033808418959231,False,True,False,False,False,True,False,True,False,True
2768,1950.0,155.0,360.0,1.0,652,31,0.0559971098265896,True,True,False,False,False,False,False,False,False,True
3358,0.0,80.0,36.0,1.0,344,50,0.0238237045860631,True,False,False,False,False,True,False,True,False,False
2526,1783.0,145.0,360.0,1.0,386,49,0.057403008709422,True,False,False,False,False,False,False,False,False,True
5000,0.0,103.0,360.0,0.0,788,26,0.0206,False,False,False,False,False,False,False,True,False,False
2785,2016.0,110.0,360.0,1.0,768,45,0.0394973070017953,True,True,False,False,False,False,False,False,False,True
6633,0.0,146.41216216216216,360.0,0.0,310,59,0.0220732944613541,True,True,False,True,False,False,True,False,False,False
2492,2375.0,146.41216216216216,360.0,1.0,504,59,0.0587528740618628,True,True,True,False,False,True,False,False,False,True
3333,3250.0,158.0,360.0,1.0,814,54,0.0474047404740474,True,True,True,False,False,False,False,False,True,True
2454,2333.0,181.0,360.0,0.0,657,24,0.0737571312143439,True,True,False,False,False,True,False,False,True,False
3593,4266.0,132.0,180.0,0.0,350,41,0.0367381018647369,True,True,False,False,False,False,False,False,False,False
5468,1032.0,26.0,360.0,1.0,355,21,0.0047549378200438,True,True,True,False,False,False,False,True,False,True
2667,1625.0,84.0,360.0,1.0,582,28,0.0314960629921259,False,False,False,False,False,False,False,False,True,True
10139,0.0,260.0,360.0,1.0,459,56,0.0256435545911825,True,True,False,False,True,False,True,True,False,True
3887,2669.0,162.0,360.0,1.0,458,35,0.0416773861589915,True,True,False,False,False,False,False,True,False,True
4180,2306.0,182.0,360.0,1.0,332,30,0.0435406698564593,False,True,False,False,False,False,False,True,False,True
3675,242.0,108.0,360.0,1.0,799,45,0.0293877551020408,True,True,False,True,False,True,False,True,False,True
19484,0.0,600.0,360.0,1.0,893,36,0.0307944980496817,False,True,True,False,False,False,True,True,False,True
5923,2054.0,211.0,360.0,1.0,836,41,0.0356238392706398,True,True,False,False,False,False,False,False,False,True
5800,0.0,132.0,360.0,1.0,808,55,0.0227586206896551,True,False,False,False,False,True,True,True,False,True
8799,0.0,258.0,360.0,0.0,891,36,0.0293215138083873,True,True,False,True,False,False,False,False,True,False
4467,0.0,120.0,360.0,1.0,656,29,0.0268636668905305,True,True,False,False,False,True,False,False,False,True
3333,0.0,70.0,360.0,1.0,321,52,0.021002100210021,True,False,False,False,False,False,False,False,True,True
3400,2500.0,123.0,360.0,0.0,619,29,0.0361764705882352,True,True,False,False,True,False,False,False,False,False
2378,0.0,9.0,360.0,1.0,839,30,0.0037846930193439,False,False,False,False,False,False,False,False,True,False
3166,2064.0,104.0,360.0,0.0,428,31,0.032849020846494,True,True,False,False,False,False,False,False,True,False
3417,1750.0,186.0,360.0,1.0,457,52,0.054433713784021,True,True,True,False,False,False,False,False,True,True
5116,1451.0,165.0,360.0,0.0,600,45,0.0322517591868647,True,True,False,False,False,False,False,False,True,False
16666,0.0,275.0,360.0,1.0,627,21,0.016500660026401,True,True,False,True,False,False,False,False,True,True
6125,1625.0,187.0,480.0,1.0,489,35,0.0305306122448979,True,True,False,True,False,True,False,True,False,False
6406,0.0,150.0,360.0,1.0,509,34,0.0234155479238214,True,True,False,False,True,False,False,True,False,False
3159,461.0,108.0,84.0,1.0,403,34,0.0341880341880341,True,True,False,True,False,False,False,False,True,True
3087,2210.0,136.0,360.0,0.0,397,56,0.0440557175251052,True,True,False,False,False,False,False,True,False,False
3229,2739.0,110.0,360.0,1.0,627,25,0.0340662743883555,True,False,False,False,False,False,False,False,True,True
1782,2232.0,107.0,360.0,1.0,648,52,0.0600448933782267,True,True,True,False,False,False,False,False,False,True
3182,2917.0,161.0,360.0,1.0,617,46,0.0505971087366436,True,False,False,False,False,False,False,False,True,True
6540,0.0,205.0,360.0,1.0,700,47,0.0313455657492354,True,True,False,True,False,False,False,True,False,True
1836,33837.0,90.0,360.0,1.0,488,53,0.0490196078431372,True,False,False,False,False,False,False,False,True,False
3166,0.0,36.0,360.0,1.0,865,58,0.0113708149084017,False,True,False,False,False,False,False,True,False,True
1880,0.0,61.0,360.0,1.0,630,49,0.0324468085106382,True,True,True,False,False,False,False,False,False,False
2787,1917.0,146.0,360.0,0.0,831,56,0.0523860782203085,True,True,True,False,False,False,False,False,False,False
4283,3000.0,172.0,84.0,1.0,472,51,0.0401587672192388,True,True,True,False,False,False,False,False,False,False
2297,1522.0,104.0,360.0,1.0,317,50,0.0452764475402699,True,True,False,False,False,False,False,False,True,True
2165,0.0,70.0,360.0,1.0,462,49,0.0323325635103926,False,False,False,False,False,True,False,True,False,True
4750,0.0,94.0,360.0,1.0,514,26,0.0197894736842105,True,False,False,False,False,False,False,True,False,True
2726,0.0,106.0,360.0,0.0,499,32,0.0388848129126925,True,True,False,True,False,False,True,True,False,False
3000,3416.0,56.0,180.0,1.0,719,26,0.0186666666666666,True,True,False,False,False,False,False,True,False,True
6000,0.0,205.0,240.0,1.0,456,43,0.0341666666666666,True,True,False,True,False,False,True,True,False,False
9357,0.0,292.0,360.0,1.0,385,22,0.0312065833066153,True,False,False,False,True,False,True,True,False,True
3859,3300.0,142.0,180.0,1.0,315,30,0.036797097693703,True,True,False,False,False,False,False,False,False,True
16120,0.0,260.0,360.0,1.0,852,26,0.0161290322580645,True,True,False,False,False,False,True,False,True,True
3833,0.0,110.0,360.0,1.0,526,30,0.0286981476650143,True,False,False,False,False,True,False,False,False,True
6383,1000.0,187.0,360.0,1.0,867,51,0.0292965690114366,True,True,False,True,False,True,True,False,False,False
2987,0.0,88.0,360.0,0.0,389,38,0.0294609976565115,True,False,False,False,False,False,False,True,False,False
9963,0.0,180.0,360.0,1.0,417,41,0.01806684733514,True,True,False,False,False,False,True,False,False,True
5780,0.0,192.0,360.0,1.0,705,53,0.0332179930795847,True,True,False,True,False,False,False,False,True,True
416,41667.0,350.0,180.0,1.0,420,50,0.8413461538461539,False,False,False,False,True,False,False,False,True,False
2894,2792.0,155.0,360.0,1.0,841,44,0.0535590877677954,True,True,False,False,False,True,False,False,False,True
5703,0.0,128.0,360.0,1.0,740,37,0.0224443275469051,True,True,False,False,True,False,False,False,True,True
3676,4301.0,172.0,360.0,1.0,391,55,0.0467899891186071,True,False,False,False,False,False,False,False,False,True
12000,0.0,496.0,360.0,1.0,875,33,0.0413333333333333,False,True,True,False,False,False,False,True,False,True
2400,3800.0,146.41216216216216,180.0,1.0,490,46,0.0610050675675675,True,True,False,False,False,True,False,False,True,False
3400,2500.0,173.0,360.0,1.0,762,50,0.0508823529411764,True,True,True,False,False,False,False,True,False,True
3987,1411.0,157.0,360.0,1.0,487,33,0.0393779784298971,True,True,False,True,False,True,False,False,False,True
3232,1950.0,108.0,360.0,1.0,691,31,0.0334158415841584,True,True,False,False,False,False,False,False,False,True
2900,0.0,71.0,360.0,1.0,719,33,0.0244827586206896,False,False,False,False,False,False,False,False,False,True
4106,0.0,40.0,180.0,1.0,708,53,0.0097418412079883,True,True,False,False,True,False,False,False,False,True
8072,240.0,253.0,360.0,1.0,836,58,0.0313429137760158,True,True,True,False,False,False,False,False,True,True
7583,0.0,187.0,360.0,1.0,538,48,0.0246604246340498,True,True,False,True,False,False,False,False,True,True
4583,0.0,133.0,360.0,0.0,334,49,0.0290202923849007,False,False,False,False,False,False,True,True,False,False
